{
  "fx": 997.4513185216028,
  "fy": 998.2757386321765,
  "cx": 1163.1209125101736,
  "cy": 650.6296248807225,
  "dist": [
    -0.8763062391733198,
    0.22729705159689675,
    -0.0011198694723141178,
    0.0017219414864679558,
    0.17134904004086382,
    -0.8388340714811037,
    0.13994524736689637,
    0.22849392273478628,
    0.0,
    0.0,
    0.0,
    0.0,
    0.0,
    0.0
  ],
  "image_width": 2304,
  "image_height": 1296,
  "calibration_rms": 0.590360432830954
}